wavelength_nm,heater_mw,measured_transmission_db,true_transmission_db
1309.550000,0.000,-1.732782,-1.878922
1309.556250,0.000,-2.127170,-1.880904
1309.562500,0.000,-1.806315,-1.882960
1309.568750,0.000,-1.879524,-1.885095
1309.575000,0.000,-1.781854,-1.887314
1309.581250,0.000,-1.858770,-1.889620
1309.587500,0.000,-1.745837,-1.892018
1309.593750,0.000,-1.891973,-1.894513
1309.600000,0.000,-1.938408,-1.897110
1309.606250,0.000,-1.853376,-1.899815
1309.612500,0.000,-1.868066,-1.902634
1309.618750,0.000,-1.934121,-1.905573
1309.625000,0.000,-1.928424,-1.908640
1309.631250,0.000,-1.854286,-1.911841
1309.637500,0.000,-1.858840,-1.915185
1309.643750,0.000,-1.958195,-1.918680
1309.650000,0.000,-1.951752,-1.922335
1309.656250,0.000,-2.070704,-1.926160
1309.662500,0.000,-1.795830,-1.930167
1309.668750,0.000,-1.952308,-1.934365
1309.675000,0.000,-1.831786,-1.938768
1309.681250,0.000,-1.909992,-1.943389
1309.687500,0.000,-1.792726,-1.948243
1309.693750,0.000,-1.830376,-1.953345
1309.700000,0.000,-1.933249,-1.958713
1309.706250,0.000,-1.845903,-1.964364
1309.712500,0.000,-2.046329,-1.970320
1309.718750,0.000,-1.875912,-1.976601
1309.725000,0.000,-2.101666,-1.983233
1309.731250,0.000,-1.962781,-1.990240
1309.737500,0.000,-1.912463,-1.997653
1309.743750,0.000,-1.987611,-2.005501
1309.750000,0.000,-2.043192,-2.013821
1309.756250,0.000,-2.087093,-2.022648
1309.762500,0.000,-2.059450,-2.032026
1309.768750,0.000,-1.957910,-2.042000
1309.775000,0.000,-1.981354,-2.052621
1309.781250,0.000,-2.084915,-2.063945
1309.787500,0.000,-2.175714,-2.076034
1309.793750,0.000,-2.035038,-2.088958
1309.800000,0.000,-2.218783,-2.102794
1309.806250,0.000,-2.160095,-2.117627
1309.812500,0.000,-2.192341,-2.133554
1309.818750,0.000,-2.091222,-2.150683
1309.825000,0.000,-2.150259,-2.169135
1309.831250,0.000,-2.152097,-2.189046
1309.837500,0.000,-2.188776,-2.210569
1309.843750,0.000,-2.288113,-2.233878
1309.850000,0.000,-2.216333,-2.259171
1309.856250,0.000,-2.173675,-2.286672
1309.862500,0.000,-2.319578,-2.316636
1309.868750,0.000,-2.298667,-2.349355
1309.875000,0.000,-2.395236,-2.385164
1309.881250,0.000,-2.342162,-2.424446
1309.887500,0.000,-2.414315,-2.467646
1309.893750,0.000,-2.445209,-2.515275
1309.900000,0.000,-2.540052,-2.567926
1309.906250,0.000,-2.495087,-2.626288
1309.912500,0.000,-2.720055,-2.691163
1309.918750,0.000,-2.790220,-2.763487
1309.925000,0.000,-2.891703,-2.844354
1309.931250,0.000,-2.886168,-2.935045
1309.937500,0.000,-3.086851,-3.037059
1309.943750,0.000,-3.203717,-3.152154
1309.950000,0.000,-3.224186,-3.282384
1309.956250,0.000,-3.337171,-3.430139
1309.962500,0.000,-3.552241,-3.598189
1309.968750,0.000,-4.004354,-3.789706
1309.975000,0.000,-4.084550,-4.008260
1309.981250,0.000,-4.343639,-4.257760
1309.987500,0.000,-4.638892,-4.542291
1309.993750,0.000,-4.898389,-4.865767
1310.000000,0.000,-5.085873,-5.231276
1310.006250,0.000,-5.664535,-5.639943
1310.012500,0.000,-6.147902,-6.089066
1310.018750,0.000,-6.513415,-6.569320
1310.025000,0.000,-7.055546,-7.061079
1310.031250,0.000,-7.521150,-7.530804
1310.037500,0.000,-7.985140,-7.930206
1310.043750,0.000,-8.202828,-8.202708
1310.050000,0.000,-8.265237,-8.300000
1310.056250,0.000,-8.355612,-8.202708
1310.062500,0.000,-8.059024,-7.930206
1310.068750,0.000,-7.444039,-7.530804
1310.075000,0.000,-6.993639,-7.061079
1310.081250,0.000,-6.609853,-6.569320
1310.087500,0.000,-6.170682,-6.089066
1310.093750,0.000,-5.654786,-5.639943
1310.100000,0.000,-5.326768,-5.231276
1310.106250,0.000,-4.892975,-4.865767
1310.112500,0.000,-4.410203,-4.542291
1310.118750,0.000,-4.247194,-4.257760
1310.125000,0.000,-3.914957,-4.008260
1310.131250,0.000,-3.807516,-3.789706
1310.137500,0.000,-3.568636,-3.598189
1310.143750,0.000,-3.319272,-3.430139
1310.150000,0.000,-3.389259,-3.282384
1310.156250,0.000,-3.179953,-3.152154
1310.162500,0.000,-3.049611,-3.037059
1310.168750,0.000,-2.912486,-2.935045
1310.175000,0.000,-2.720061,-2.844354
1310.181250,0.000,-2.708645,-2.763487
1310.187500,0.000,-2.810976,-2.691163
1310.193750,0.000,-2.647966,-2.626288
1310.200000,0.000,-2.639417,-2.567926
1310.206250,0.000,-2.588799,-2.515275
1310.212500,0.000,-2.305660,-2.467646
1310.218750,0.000,-2.509484,-2.424446
1310.225000,0.000,-2.366252,-2.385164
1310.231250,0.000,-2.406572,-2.349355
1310.237500,0.000,-2.247758,-2.316636
1310.243750,0.000,-2.258376,-2.286672
1310.250000,0.000,-2.248977,-2.259171
1310.256250,0.000,-2.239972,-2.233878
1310.262500,0.000,-2.119551,-2.210569
1310.268750,0.000,-2.263581,-2.189046
1310.275000,0.000,-2.227290,-2.169135
1310.281250,0.000,-2.240012,-2.150683
1310.287500,0.000,-2.026791,-2.133554
1310.293750,0.000,-2.141112,-2.117627
1310.300000,0.000,-2.185786,-2.102794
1310.306250,0.000,-2.122484,-2.088958
1310.312500,0.000,-1.876062,-2.076034
1310.318750,0.000,-2.072543,-2.063945
1310.325000,0.000,-1.984619,-2.052621
1310.331250,0.000,-2.004786,-2.042000
1310.337500,0.000,-2.033017,-2.032026
1310.343750,0.000,-2.078065,-2.022648
1310.350000,0.000,-2.040564,-2.013821
1310.356250,0.000,-2.033858,-2.005501
1310.362500,0.000,-2.174395,-1.997653
1310.368750,0.000,-1.783030,-1.990240
1310.375000,0.000,-1.909246,-1.983233
1310.381250,0.000,-1.967298,-1.976601
1310.387500,0.000,-1.986588,-1.970320
1310.393750,0.000,-2.027536,-1.964364
1310.400000,0.000,-1.882743,-1.958713
1310.406250,0.000,-1.968294,-1.953345
1310.412500,0.000,-1.909901,-1.948243
1310.418750,0.000,-2.054389,-1.943389
1310.425000,0.000,-1.908490,-1.938768
1310.431250,0.000,-1.774341,-1.934365
1310.437500,0.000,-1.953337,-1.930167
1310.443750,0.000,-1.862164,-1.926160
1310.450000,0.000,-1.919508,-1.922335
1310.456250,0.000,-1.830265,-1.918680
1310.462500,0.000,-1.829791,-1.915185
1310.468750,0.000,-1.906909,-1.911841
1310.475000,0.000,-1.953407,-1.908640
1310.481250,0.000,-1.882633,-1.905573
1310.487500,0.000,-1.899293,-1.902634
1310.493750,0.000,-1.949247,-1.899815
1310.500000,0.000,-1.860592,-1.897110
1310.506250,0.000,-1.859927,-1.894513
1310.512500,0.000,-1.963140,-1.892018
1310.518750,0.000,-1.898539,-1.889620
1310.525000,0.000,-1.653623,-1.887314
1310.531250,0.000,-1.819749,-1.885095
1310.537500,0.000,-1.875138,-1.882960
1310.543750,0.000,-1.680017,-1.880904
1310.550000,0.000,-1.915355,-1.878922
1309.550000,4.000,-2.029262,-1.831114
1309.556250,4.000,-1.984158,-1.831603
1309.562500,4.000,-1.953665,-1.832104
1309.568750,4.000,-1.811812,-1.832616
1309.575000,4.000,-1.755033,-1.833142
1309.581250,4.000,-2.007294,-1.833679
1309.587500,4.000,-1.744851,-1.834230
1309.593750,4.000,-1.933014,-1.834795
1309.600000,4.000,-1.814859,-1.835373
1309.606250,4.000,-1.798853,-1.835966
1309.612500,4.000,-1.801988,-1.836575
1309.618750,4.000,-1.836594,-1.837198
1309.625000,4.000,-1.824158,-1.837838
1309.631250,4.000,-1.929680,-1.838494
1309.637500,4.000,-1.816910,-1.839168
1309.643750,4.000,-1.761487,-1.839859
1309.650000,4.000,-1.766471,-1.840569
1309.656250,4.000,-1.632269,-1.841297
1309.662500,4.000,-1.755387,-1.842046
1309.668750,4.000,-1.784701,-1.842815
1309.675000,4.000,-1.710525,-1.843605
1309.681250,4.000,-1.825127,-1.844418
1309.687500,4.000,-1.948443,-1.845253
1309.693750,4.000,-2.025300,-1.846111
1309.700000,4.000,-1.744869,-1.846995
1309.706250,4.000,-1.802461,-1.847904
1309.712500,4.000,-1.781056,-1.848839
1309.718750,4.000,-1.876433,-1.849803
1309.725000,4.000,-1.823208,-1.850794
1309.731250,4.000,-1.701226,-1.851816
1309.737500,4.000,-1.826082,-1.852869
1309.743750,4.000,-1.943195,-1.853954
1309.750000,4.000,-1.889588,-1.855072
1309.756250,4.000,-1.745417,-1.856226
1309.762500,4.000,-1.944613,-1.857416
1309.768750,4.000,-2.065159,-1.858644
1309.775000,4.000,-2.043429,-1.859912
1309.781250,4.000,-1.968337,-1.861222
1309.787500,4.000,-1.798623,-1.862574
1309.793750,4.000,-1.856895,-1.863972
1309.800000,4.000,-1.925999,-1.865417
1309.806250,4.000,-1.969722,-1.866911
1309.812500,4.000,-1.877576,-1.868457
1309.818750,4.000,-1.882824,-1.870056
1309.825000,4.000,-1.916827,-1.871712
1309.831250,4.000,-1.893048,-1.873428
1309.837500,4.000,-1.936260,-1.875205
1309.843750,4.000,-1.732790,-1.877047
1309.850000,4.000,-2.068313,-1.878958
1309.856250,4.000,-1.871165,-1.880940
1309.862500,4.000,-1.964150,-1.882997
1309.868750,4.000,-1.828613,-1.885134
1309.875000,4.000,-1.906162,-1.887353
1309.881250,4.000,-1.860379,-1.889660
1309.887500,4.000,-1.849532,-1.892059
1309.893750,4.000,-1.878129,-1.894555
1309.900000,4.000,-1.817870,-1.897154
1309.906250,4.000,-2.011178,-1.899860
1309.912500,4.000,-1.826544,-1.902680
1309.918750,4.000,-1.923136,-1.905621
1309.925000,4.000,-1.878237,-1.908689
1309.931250,4.000,-1.787369,-1.911891
1309.937500,4.000,-1.825284,-1.915237
1309.943750,4.000,-1.760020,-1.918733
1309.950000,4.000,-2.102437,-1.922390
1309.956250,4.000,-2.002687,-1.926217
1309.962500,4.000,-1.853091,-1.930225
1309.968750,4.000,-2.024879,-1.934425
1309.975000,4.000,-1.953437,-1.938830
1309.981250,4.000,-1.806823,-1.943453
1309.987500,4.000,-1.878333,-1.948309
1309.993750,4.000,-2.030395,-1.953414
1310.000000,4.000,-1.922479,-1.958783
1310.006250,4.000,-1.912813,-1.964437
1310.012500,4.000,-1.965005,-1.970395
1310.018750,4.000,-1.984720,-1.976679
1310.025000,4.000,-1.971989,-1.983314
1310.031250,4.000,-2.110366,-1.990324
1310.037500,4.000,-1.987619,-1.997740
1310.043750,4.000,-2.082945,-2.005592
1310.050000,4.000,-1.982429,-2.013915
1310.056250,4.000,-1.988409,-2.022746
1310.062500,4.000,-2.103552,-2.032128
1310.068750,4.000,-1.993093,-2.042106
1310.075000,4.000,-2.024266,-2.052731
1310.081250,4.000,-2.067428,-2.064060
1310.087500,4.000,-2.018090,-2.076154
1310.093750,4.000,-2.114107,-2.089083
1310.100000,4.000,-2.125657,-2.102925
1310.106250,4.000,-2.111541,-2.117764
1310.112500,4.000,-2.138436,-2.133698
1310.118750,4.000,-2.059460,-2.150834
1310.125000,4.000,-2.359208,-2.169293
1310.131250,4.000,-2.214049,-2.189211
1310.137500,4.000,-2.371939,-2.210743
1310.143750,4.000,-2.276161,-2.234062
1310.150000,4.000,-2.240786,-2.259365
1310.156250,4.000,-2.288648,-2.286876
1310.162500,4.000,-2.241705,-2.316851
1310.168750,4.000,-2.326652,-2.349582
1310.175000,4.000,-2.607554,-2.385404
1310.181250,4.000,-2.517368,-2.424701
1310.187500,4.000,-2.346823,-2.467916
1310.193750,4.000,-2.394288,-2.515561
1310.200000,4.000,-2.564042,-2.568230
1310.206250,4.000,-2.754755,-2.626612
1310.212500,4.000,-2.522003,-2.691508
1310.218750,4.000,-2.936097,-2.763854
1310.225000,4.000,-2.824726,-2.844746
1310.231250,4.000,-2.944413,-2.935463
1310.237500,4.000,-3.023260,-3.037506
1310.243750,4.000,-3.251888,-3.152631
1310.250000,4.000,-3.320671,-3.282891
1310.256250,4.000,-3.350508,-3.430680
1310.262500,4.000,-3.644075,-3.598764
1310.268750,4.000,-3.907229,-3.790315
1310.275000,4.000,-4.016650,-4.008901
1310.281250,4.000,-4.257929,-4.258431
1310.287500,4.000,-4.560636,-4.542986
1310.293750,4.000,-4.936667,-4.866476
1310.300000,4.000,-5.195579,-5.231985
1310.306250,4.000,-5.657688,-5.640632
1310.312500,4.000,-6.190899,-6.089708
1310.318750,4.000,-6.559270,-6.569882
1310.325000,4.000,-7.070879,-7.061526
1310.331250,4.000,-7.526394,-7.531109
1310.337500,4.000,-8.073819,-7.930364
1310.343750,4.000,-8.271374,-8.202751
1310.350000,4.000,-8.270160,-8.300000
1310.356250,4.000,-8.134632,-8.202751
1310.362500,4.000,-7.908885,-7.930364
1310.368750,4.000,-7.524315,-7.531109
1310.375000,4.000,-7.008928,-7.061526
1310.381250,4.000,-6.496301,-6.569882
1310.387500,4.000,-5.952995,-6.089708
1310.393750,4.000,-5.607339,-5.640632
1310.400000,4.000,-5.281417,-5.231985
1310.406250,4.000,-4.831813,-4.866476
1310.412500,4.000,-4.702531,-4.542986
1310.418750,4.000,-4.256812,-4.258431
1310.425000,4.000,-4.047091,-4.008901
1310.431250,4.000,-3.794442,-3.790315
1310.437500,4.000,-3.561455,-3.598764
1310.443750,4.000,-3.428392,-3.430680
1310.450000,4.000,-3.400670,-3.282891
1310.456250,4.000,-3.182764,-3.152631
1310.462500,4.000,-3.103033,-3.037506
1310.468750,4.000,-2.938280,-2.935463
1310.475000,4.000,-2.816925,-2.844746
1310.481250,4.000,-2.841956,-2.763854
1310.487500,4.000,-2.633618,-2.691508
1310.493750,4.000,-2.523149,-2.626612
1310.500000,4.000,-2.590541,-2.568230
1310.506250,4.000,-2.457844,-2.515561
1310.512500,4.000,-2.587076,-2.467916
1310.518750,4.000,-2.468504,-2.424701
1310.525000,4.000,-2.308783,-2.385404
1310.531250,4.000,-2.491320,-2.349582
1310.537500,4.000,-2.357842,-2.316851
1310.543750,4.000,-2.359045,-2.286876
1310.550000,4.000,-2.167859,-2.259365
1309.550000,8.000,-1.725249,-1.816508
1309.556250,8.000,-1.867031,-1.816697
1309.562500,8.000,-1.807430,-1.816889
1309.568750,8.000,-2.026572,-1.817084
1309.575000,8.000,-1.749677,-1.817283
1309.581250,8.000,-1.789893,-1.817485
1309.587500,8.000,-1.711956,-1.817690
1309.593750,8.000,-2.009389,-1.817900
1309.600000,8.000,-1.790717,-1.818113
1309.606250,8.000,-1.847009,-1.818330
1309.612500,8.000,-2.027957,-1.818550
1309.618750,8.000,-1.874654,-1.818775
1309.625000,8.000,-1.825902,-1.819004
1309.631250,8.000,-1.755440,-1.819237
1309.637500,8.000,-1.804258,-1.819474
1309.643750,8.000,-1.861507,-1.819716
1309.650000,8.000,-1.784835,-1.819963
1309.656250,8.000,-1.829366,-1.820214
1309.662500,8.000,-1.872990,-1.820469
1309.668750,8.000,-1.902856,-1.820730
1309.675000,8.000,-1.809568,-1.820996
1309.681250,8.000,-1.809195,-1.821266
1309.687500,8.000,-1.674680,-1.821542
1309.693750,8.000,-1.858399,-1.821824
1309.700000,8.000,-1.694169,-1.822111
1309.706250,8.000,-1.794718,-1.822403
1309.712500,8.000,-1.728807,-1.822702
1309.718750,8.000,-1.895822,-1.823006
1309.725000,8.000,-1.893589,-1.823317
1309.731250,8.000,-1.848607,-1.823634
1309.737500,8.000,-1.752541,-1.823957
1309.743750,8.000,-1.810427,-1.824287
1309.750000,8.000,-1.764561,-1.824624
1309.756250,8.000,-1.799692,-1.824968
1309.762500,8.000,-1.743137,-1.825320
1309.768750,8.000,-1.809918,-1.825678
1309.775000,8.000,-1.868164,-1.826045
1309.781250,8.000,-1.785295,-1.826419
1309.787500,8.000,-1.819599,-1.826801
1309.793750,8.000,-1.687325,-1.827192
1309.800000,8.000,-1.840369,-1.827592
1309.806250,8.000,-1.819278,-1.828000
1309.812500,8.000,-1.852932,-1.828417
1309.818750,8.000,-1.736355,-1.828844
1309.825000,8.000,-1.759311,-1.829280
1309.831250,8.000,-1.777638,-1.829726
1309.837500,8.000,-1.929918,-1.830183
1309.843750,8.000,-1.951974,-1.830650
1309.850000,8.000,-1.809938,-1.831128
1309.856250,8.000,-1.773854,-1.831618
1309.862500,8.000,-1.713783,-1.832118
1309.868750,8.000,-1.976287,-1.832631
1309.875000,8.000,-1.846781,-1.833157
1309.881250,8.000,-1.968932,-1.833695
1309.887500,8.000,-1.911104,-1.834246
1309.893750,8.000,-1.852499,-1.834811
1309.900000,8.000,-1.758348,-1.835389
1309.906250,8.000,-1.878112,-1.835983
1309.912500,8.000,-1.894045,-1.836591
1309.918750,8.000,-1.862802,-1.837215
1309.925000,8.000,-1.737242,-1.837855
1309.931250,8.000,-1.645239,-1.838512
1309.937500,8.000,-1.962546,-1.839186
1309.943750,8.000,-1.861757,-1.839877
1309.950000,8.000,-1.875011,-1.840587
1309.956250,8.000,-1.747812,-1.841316
1309.962500,8.000,-1.807212,-1.842065
1309.968750,8.000,-1.719576,-1.842834
1309.975000,8.000,-1.924595,-1.843625
1309.981250,8.000,-1.843336,-1.844438
1309.987500,8.000,-1.881718,-1.845273
1309.993750,8.000,-1.933846,-1.846132
1310.000000,8.000,-1.859659,-1.847016
1310.006250,8.000,-1.942686,-1.847926
1310.012500,8.000,-1.675052,-1.848862
1310.018750,8.000,-1.816442,-1.849825
1310.025000,8.000,-1.932134,-1.850817
1310.031250,8.000,-1.900323,-1.851840
1310.037500,8.000,-1.714282,-1.852893
1310.043750,8.000,-1.892228,-1.853978
1310.050000,8.000,-1.799569,-1.855097
1310.056250,8.000,-1.809559,-1.856252
1310.062500,8.000,-1.770024,-1.857442
1310.068750,8.000,-1.807894,-1.858671
1310.075000,8.000,-1.876749,-1.859939
1310.081250,8.000,-1.908569,-1.861249
1310.087500,8.000,-2.004665,-1.862602
1310.093750,8.000,-1.867813,-1.864001
1310.100000,8.000,-1.854350,-1.865446
1310.106250,8.000,-1.895757,-1.866941
1310.112500,8.000,-1.879979,-1.868488
1310.118750,8.000,-1.967204,-1.870088
1310.125000,8.000,-1.698051,-1.871745
1310.131250,8.000,-1.913542,-1.873461
1310.137500,8.000,-1.958071,-1.875239
1310.143750,8.000,-1.924843,-1.877082
1310.150000,8.000,-1.892471,-1.878994
1310.156250,8.000,-1.821625,-1.880977
1310.162500,8.000,-2.077223,-1.883035
1310.168750,8.000,-1.843912,-1.885172
1310.175000,8.000,-1.936661,-1.887393
1310.181250,8.000,-1.904039,-1.889701
1310.187500,8.000,-1.810704,-1.892101
1310.193750,8.000,-1.833262,-1.894598
1310.200000,8.000,-1.951452,-1.897197
1310.206250,8.000,-1.907324,-1.899905
1310.212500,8.000,-1.752805,-1.902726
1310.218750,8.000,-1.796620,-1.905668
1310.225000,8.000,-1.839077,-1.908738
1310.231250,8.000,-1.911011,-1.911942
1310.237500,8.000,-1.838026,-1.915288
1310.243750,8.000,-1.886751,-1.918786
1310.250000,8.000,-1.966062,-1.922445
1310.256250,8.000,-2.006036,-1.926273
1310.262500,8.000,-1.888118,-1.930283
1310.268750,8.000,-1.903565,-1.934485
1310.275000,8.000,-1.841967,-1.938892
1310.281250,8.000,-1.981837,-1.943517
1310.287500,8.000,-1.835828,-1.948375
1310.293750,8.000,-1.982367,-1.953482
1310.300000,8.000,-1.858022,-1.958854
1310.306250,8.000,-1.920450,-1.964510
1310.312500,8.000,-2.016290,-1.970471
1310.318750,8.000,-2.052205,-1.976758
1310.325000,8.000,-1.992710,-1.983395
1310.331250,8.000,-2.011222,-1.990409
1310.337500,8.000,-1.922286,-1.997827
1310.343750,8.000,-2.060692,-2.005683
1310.350000,8.000,-2.131951,-2.014009
1310.356250,8.000,-2.024040,-2.022844
1310.362500,8.000,-1.878103,-2.032230
1310.368750,8.000,-1.910836,-2.042212
1310.375000,8.000,-2.102285,-2.052842
1310.381250,8.000,-2.085812,-2.064175
1310.387500,8.000,-2.050465,-2.076274
1310.393750,8.000,-2.141976,-2.089209
1310.400000,8.000,-2.122380,-2.103056
1310.406250,8.000,-2.139649,-2.117901
1310.412500,8.000,-2.217562,-2.133842
1310.418750,8.000,-2.200183,-2.150984
1310.425000,8.000,-2.207970,-2.169451
1310.431250,8.000,-2.170308,-2.189377
1310.437500,8.000,-2.305300,-2.210917
1310.443750,8.000,-2.225560,-2.234245
1310.450000,8.000,-2.337873,-2.259558
1310.456250,8.000,-2.351548,-2.287080
1310.462500,8.000,-2.406748,-2.317066
1310.468750,8.000,-2.028609,-2.349809
1310.475000,8.000,-2.284845,-2.385644
1310.481250,8.000,-2.317092,-2.424955
1310.487500,8.000,-2.402891,-2.468186
1310.493750,8.000,-2.534420,-2.515848
1310.500000,8.000,-2.562880,-2.568535
1310.506250,8.000,-2.603554,-2.626935
1310.512500,8.000,-2.655817,-2.691852
1310.518750,8.000,-2.716398,-2.764222
1310.525000,8.000,-2.722764,-2.845138
1310.531250,8.000,-3.172456,-2.935881
1310.537500,8.000,-3.082139,-3.037952
1310.543750,8.000,-3.098693,-3.153107
1310.550000,8.000,-3.311838,-3.283399
1309.550000,12.000,-1.822538,-1.810208
1309.556250,12.000,-1.690806,-1.810299
1309.562500,12.000,-1.794866,-1.810392
1309.568750,12.000,-1.667681,-1.810486
1309.575000,12.000,-1.813899,-1.810582
1309.581250,12.000,-1.791513,-1.810678
1309.587500,12.000,-1.895946,-1.810776
1309.593750,12.000,-1.969727,-1.810876
1309.600000,12.000,-1.844313,-1.810976
1309.606250,12.000,-1.805997,-1.811078
1309.612500,12.000,-1.838695,-1.811182
1309.618750,12.000,-1.919026,-1.811287
1309.625000,12.000,-1.758711,-1.811394
1309.631250,12.000,-1.805674,-1.811502
1309.637500,12.000,-1.810734,-1.811611
1309.643750,12.000,-1.873884,-1.811722
1309.650000,12.000,-1.679811,-1.811835
1309.656250,12.000,-1.693618,-1.811949
1309.662500,12.000,-1.787322,-1.812066
1309.668750,12.000,-1.821354,-1.812183
1309.675000,12.000,-1.791971,-1.812303
1309.681250,12.000,-1.676594,-1.812424
1309.687500,12.000,-1.587600,-1.812547
1309.693750,12.000,-1.811613,-1.812672
1309.700000,12.000,-1.846862,-1.812799
1309.706250,12.000,-1.957854,-1.812927
1309.712500,12.000,-1.589114,-1.813058
1309.718750,12.000,-1.901483,-1.813190
1309.725000,12.000,-1.743383,-1.813325
1309.731250,12.000,-1.773328,-1.813462
1309.737500,12.000,-1.706725,-1.813601
1309.743750,12.000,-1.882515,-1.813741
1309.750000,12.000,-1.943495,-1.813885
1309.756250,12.000,-1.801992,-1.814030
1309.762500,12.000,-1.781159,-1.814178
1309.768750,12.000,-1.722218,-1.814328
1309.775000,12.000,-1.949268,-1.814480
1309.781250,12.000,-1.850849,-1.814635
1309.787500,12.000,-1.835742,-1.814792
1309.793750,12.000,-1.923164,-1.814952
1309.800000,12.000,-1.828021,-1.815115
1309.806250,12.000,-1.751104,-1.815280
1309.812500,12.000,-1.818020,-1.815448
1309.818750,12.000,-1.930670,-1.815619
1309.825000,12.000,-1.787888,-1.815792
1309.831250,12.000,-1.747065,-1.815969
1309.837500,12.000,-1.773030,-1.816148
1309.843750,12.000,-1.752930,-1.816330
1309.850000,12.000,-1.948663,-1.816516
1309.856250,12.000,-1.779612,-1.816705
1309.862500,12.000,-1.768646,-1.816897
1309.868750,12.000,-1.846995,-1.817092
1309.875000,12.000,-1.821485,-1.817291
1309.881250,12.000,-1.879096,-1.817493
1309.887500,12.000,-1.718581,-1.817699
1309.893750,12.000,-1.841598,-1.817908
1309.900000,12.000,-1.893507,-1.818121
1309.906250,12.000,-1.803190,-1.818338
1309.912500,12.000,-1.809403,-1.818559
1309.918750,12.000,-1.765035,-1.818784
1309.925000,12.000,-1.885594,-1.819013
1309.931250,12.000,-1.873207,-1.819246
1309.937500,12.000,-1.788546,-1.819483
1309.943750,12.000,-1.640452,-1.819725
1309.950000,12.000,-1.782340,-1.819972
1309.956250,12.000,-1.929111,-1.820223
1309.962500,12.000,-1.806713,-1.820479
1309.968750,12.000,-1.882863,-1.820739
1309.975000,12.000,-1.969033,-1.821005
1309.981250,12.000,-1.875852,-1.821276
1309.987500,12.000,-1.867391,-1.821552
1309.993750,12.000,-1.788094,-1.821834
1310.000000,12.000,-1.716107,-1.822121
1310.006250,12.000,-1.730975,-1.822413
1310.012500,12.000,-1.757654,-1.822712
1310.018750,12.000,-1.857403,-1.823017
1310.025000,12.000,-1.810554,-1.823327
1310.031250,12.000,-1.826577,-1.823644
1310.037500,12.000,-1.710864,-1.823968
1310.043750,12.000,-1.876286,-1.824298
1310.050000,12.000,-1.868430,-1.824636
1310.056250,12.000,-1.704866,-1.824980
1310.062500,12.000,-1.778814,-1.825331
1310.068750,12.000,-1.861389,-1.825690
1310.075000,12.000,-1.812539,-1.826057
1310.081250,12.000,-1.814132,-1.826431
1310.087500,12.000,-1.811351,-1.826814
1310.093750,12.000,-1.762734,-1.827205
1310.100000,12.000,-1.797862,-1.827604
1310.106250,12.000,-1.842376,-1.828012
1310.112500,12.000,-1.868624,-1.828430
1310.118750,12.000,-1.966875,-1.828857
1310.125000,12.000,-1.863917,-1.829293
1310.131250,12.000,-1.737650,-1.829740
1310.137500,12.000,-1.811616,-1.830197
1310.143750,12.000,-1.882573,-1.830664
1310.150000,12.000,-1.850220,-1.831142
1310.156250,12.000,-1.899879,-1.831632
1310.162500,12.000,-1.808442,-1.832133
1310.168750,12.000,-1.671373,-1.832646
1310.175000,12.000,-1.687869,-1.833172
1310.181250,12.000,-1.737100,-1.833710
1310.187500,12.000,-1.771067,-1.834261
1310.193750,12.000,-1.852410,-1.834826
1310.200000,12.000,-1.934246,-1.835406
1310.206250,12.000,-1.834428,-1.835999
1310.212500,12.000,-1.871862,-1.836608
1310.218750,12.000,-1.769844,-1.837232
1310.225000,12.000,-1.824326,-1.837872
1310.231250,12.000,-1.883803,-1.838529
1310.237500,12.000,-1.802082,-1.839203
1310.243750,12.000,-1.604988,-1.839895
1310.250000,12.000,-1.912335,-1.840606
1310.256250,12.000,-1.749325,-1.841335
1310.262500,12.000,-1.793344,-1.842084
1310.268750,12.000,-1.849590,-1.842854
1310.275000,12.000,-1.903253,-1.843645
1310.281250,12.000,-1.841663,-1.844458
1310.287500,12.000,-1.826498,-1.845294
1310.293750,12.000,-1.783281,-1.846153
1310.300000,12.000,-1.789378,-1.847038
1310.306250,12.000,-1.821096,-1.847947
1310.312500,12.000,-1.902336,-1.848884
1310.318750,12.000,-1.824368,-1.849848
1310.325000,12.000,-1.887019,-1.850841
1310.331250,12.000,-1.934305,-1.851863
1310.337500,12.000,-1.779930,-1.852917
1310.343750,12.000,-1.906070,-1.854003
1310.350000,12.000,-1.949787,-1.855122
1310.356250,12.000,-1.848418,-1.856277
1310.362500,12.000,-2.011048,-1.857468
1310.368750,12.000,-1.862970,-1.858698
1310.375000,12.000,-1.823144,-1.859967
1310.381250,12.000,-1.894072,-1.861277
1310.387500,12.000,-1.842734,-1.862631
1310.393750,12.000,-1.690647,-1.864030
1310.400000,12.000,-1.750633,-1.865476
1310.406250,12.000,-1.791570,-1.866971
1310.412500,12.000,-1.819777,-1.868519
1310.418750,12.000,-1.910881,-1.870120
1310.425000,12.000,-1.882354,-1.871777
1310.431250,12.000,-1.895848,-1.873494
1310.437500,12.000,-1.872585,-1.875273
1310.443750,12.000,-1.867299,-1.877117
1310.450000,12.000,-1.943426,-1.879029
1310.456250,12.000,-1.751502,-1.881013
1310.462500,12.000,-1.966130,-1.883072
1310.468750,12.000,-1.855875,-1.885211
1310.475000,12.000,-1.804403,-1.887432
1310.481250,12.000,-1.891860,-1.889741
1310.487500,12.000,-1.945585,-1.892142
1310.493750,12.000,-1.891967,-1.894640
1310.500000,12.000,-1.741812,-1.897241
1310.506250,12.000,-1.849861,-1.899950
1310.512500,12.000,-1.925941,-1.902773
1310.518750,12.000,-1.858912,-1.905716
1310.525000,12.000,-1.924496,-1.908786
1310.531250,12.000,-2.062116,-1.911992
1310.537500,12.000,-1.895792,-1.915340
1310.543750,12.000,-1.835393,-1.918839
1310.550000,12.000,-1.830061,-1.922499
